<?xml version="1.0"?>
<ArrayOfTargetDeviceFamily xmlns:xsi="http://www.w3.org/2001/XMLSchema-instance" xmlns:xsd="http://www.w3.org/2001/XMLSchema">
	<!-- ============================================ STM32 ============================================ -->
	<TargetDeviceFamily>
		<ID>STM32F0</ID>
		<Name>STM32F0xxx</Name>
		<MatchRegex>^STM32F0.*</MatchRegex>
		<BspID>com.sysprogs.arm.stm32</BspID>
		<ScriptFile>target/stm32f0x.cfg</ScriptFile>
	</TargetDeviceFamily>
	<TargetDeviceFamily>
		<ID>STM32F1</ID>
		<Name>STM32F1xxx</Name>
		<MatchRegex>^STM32F1.*</MatchRegex>
		<BspID>com.sysprogs.arm.stm32</BspID>
		<ScriptFile>target/stm32f1x.cfg</ScriptFile>
		<SpecifiesAdapterSpeed>true</SpecifiesAdapterSpeed>
	</TargetDeviceFamily>
	<TargetDeviceFamily>
		<ID>STM32F2</ID>
		<Name>STM32F2xxx</Name>
		<MatchRegex>^STM32F2.*</MatchRegex>
		<BspID>com.sysprogs.arm.stm32</BspID>
		<ScriptFile>target/stm32f2x.cfg</ScriptFile>
		<SpecifiesAdapterSpeed>true</SpecifiesAdapterSpeed>
	</TargetDeviceFamily>
	<TargetDeviceFamily>
		<ID>STM32F3</ID>
		<Name>STM32F3xxx</Name>
		<MatchRegex>^STM32F3.*</MatchRegex>
		<BspID>com.sysprogs.arm.stm32</BspID>
		<ScriptFile>target/stm32f3x.cfg</ScriptFile>
		<SpecifiesAdapterSpeed>true</SpecifiesAdapterSpeed>
	</TargetDeviceFamily>
	<TargetDeviceFamily>
		<ID>STM32F4</ID>
		<Name>STM32F4xxx</Name>
		<MatchRegex>^STM32F4.*</MatchRegex>
		<BspID>com.sysprogs.arm.stm32</BspID>
		<ScriptFile>target/stm32f4x.cfg</ScriptFile>
		<SpecifiesAdapterSpeed>true</SpecifiesAdapterSpeed>
	</TargetDeviceFamily>
	<TargetDeviceFamily>
		<ID>STM32F7</ID>
		<Name>STM32F7xxx</Name>
		<MatchRegex>^STM32F7.*</MatchRegex>
		<BspID>com.sysprogs.arm.stm32</BspID>
		<ScriptFile>target/stm32f7x.cfg</ScriptFile>
		<SpecifiesAdapterSpeed>true</SpecifiesAdapterSpeed>
	</TargetDeviceFamily>
	<TargetDeviceFamily>
		<ID>STM32L0</ID>
		<Name>STM32L0xx</Name>
		<MatchRegex>^STM32L0.*</MatchRegex>
		<BspID>com.sysprogs.arm.stm32</BspID>
		<ScriptFile>target/stm32l0.cfg</ScriptFile>
		<SpecifiesAdapterSpeed>true</SpecifiesAdapterSpeed>
	</TargetDeviceFamily>
	<TargetDeviceFamily>
		<ID>STM32L1</ID>
		<Name>STM32L1xx</Name>
		<MatchRegex>^STM32L1.*</MatchRegex>
		<BspID>com.sysprogs.arm.stm32</BspID>
		<ScriptFile>target/stm32l1.cfg</ScriptFile>
		<SpecifiesAdapterSpeed>true</SpecifiesAdapterSpeed>
	</TargetDeviceFamily>
	<TargetDeviceFamily>
		<ID>STM32W108</ID>
		<Name>STM32W108</Name>
		<MatchRegex>^STM32W108.*</MatchRegex>
		<BspID>com.sysprogs.arm.stm32</BspID>
		<ScriptFile>target/stm32w108xx.cfg </ScriptFile>
		<SpecifiesAdapterSpeed>true</SpecifiesAdapterSpeed>
	</TargetDeviceFamily>
	<!-- ============================================ AT91SAM7/9 ============================================ -->
	<TargetDeviceFamily>
		<ID>at91sam7s</ID>
		<Name>AT91SAM7Sxxx</Name>
		<MatchRegex>^AT91SAM7S[0-9].*</MatchRegex>
		<BspID>com.sysprogs.arm.at91sam7s</BspID>
		<ScriptFile>target/at91sam7sx.cfg</ScriptFile>
	</TargetDeviceFamily>
	<TargetDeviceFamily>
		<ID>at91sam7se</ID>
		<Name>AT91SAM7SExxx</Name>
		<MatchRegex>^AT91SAM7SE.*</MatchRegex>
		<BspID>com.sysprogs.arm.at91sam7s</BspID>
		<ScriptFile>target/at91sam7se512.cfg</ScriptFile>
	</TargetDeviceFamily>
	<TargetDeviceFamily>
		<ID>at91sam7x256</ID>
		<Name>AT91SAM7X256</Name>
		<MatchRegex>^AT91SAM7X256</MatchRegex>
		<BspID>com.sysprogs.arm.at91sam7s</BspID>
		<ScriptFile>target/at91sam7x256.cfg</ScriptFile>
	</TargetDeviceFamily>
	<TargetDeviceFamily>
		<ID>at91sam7x512</ID>
		<Name>AT91SAM7X512</Name>
		<MatchRegex>^AT91SAM7X512</MatchRegex>
		<BspID>com.sysprogs.arm.at91sam7s</BspID>
		<ScriptFile>target/at91sam7x512.cfg</ScriptFile>
	</TargetDeviceFamily>
	<TargetDeviceFamily>
		<ID>at91sam9260</ID>
		<Name>AT91SAM9260</Name>
		<MatchRegex>^AT91SAM9260</MatchRegex>
		<BspID>com.sysprogs.arm.at91sam7s</BspID>
		<ScriptFile>target/at91sam9260.cfg</ScriptFile>
	</TargetDeviceFamily>
	<TargetDeviceFamily>
		<ID>at91sam9261</ID>
		<Name>AT91SAM9261</Name>
		<MatchRegex>^AT91SAM9261</MatchRegex>
		<BspID>com.sysprogs.arm.at91sam7s</BspID>
		<ScriptFile>target/at91sam9261.cfg</ScriptFile>
	</TargetDeviceFamily>
	<TargetDeviceFamily>
		<ID>at91sam9263</ID>
		<Name>AT91SAM9263</Name>
		<MatchRegex>^AT91SAM9263</MatchRegex>
		<BspID>com.sysprogs.arm.at91sam7s</BspID>
		<ScriptFile>target/at91sam9263.cfg</ScriptFile>
	</TargetDeviceFamily>
	<TargetDeviceFamily>
		<ID>at91sam9g20</ID>
		<Name>AT91SAM9G20</Name>
		<MatchRegex>^AT91SAM9G20</MatchRegex>
		<BspID>com.sysprogs.arm.at91sam7s</BspID>
		<ScriptFile>target/at91sam9g20.cfg</ScriptFile>
	</TargetDeviceFamily>
	<TargetDeviceFamily>
		<ID>at91sam9rl</ID>
		<Name>AT91SAM9RLxxx</Name>
		<MatchRegex>^AT91SAM9RL.*</MatchRegex>
		<BspID>com.sysprogs.arm.at91sam7s</BspID>
		<ScriptFile>target/at91sam9rl.cfg</ScriptFile>
	</TargetDeviceFamily>
	<!-- ============================================ Freescale Kinetis ============================================ -->
	<TargetDeviceFamily>
		<ID>kinetis_32k</ID>
		<Name>Freescale Kinetis (32KB FLASH)</Name>
		<MatchRegex>^(M|P)KL?[0-9]+[A-Z]+32.*</MatchRegex>
		<BspID>com.sysprogs.arm.freescale.kinetis</BspID>
		<ScriptFile>target/kinetis_32k.cfg</ScriptFile>
	</TargetDeviceFamily>
	<TargetDeviceFamily>
		<ID>kinetis_64k</ID>
		<Name>Freescale Kinetis (64KB FLASH)</Name>
		<MatchRegex>^(M|P)KL?[0-9]+[A-Z]+64.*</MatchRegex>
		<BspID>com.sysprogs.arm.freescale.kinetis</BspID>
		<ScriptFile>target/kinetis_64k.cfg</ScriptFile>
	</TargetDeviceFamily>
	<TargetDeviceFamily>
		<ID>kinetis_128k</ID>
		<Name>Freescale Kinetis (128KB FLASH)</Name>
		<MatchRegex>^(M|P)KL?[0-9]+[A-Z]+128.*</MatchRegex>
		<BspID>com.sysprogs.arm.freescale.kinetis</BspID>
		<ScriptFile>target/kinetis_128k.cfg</ScriptFile>
	</TargetDeviceFamily>
	<TargetDeviceFamily>
		<ID>kinetis_256k</ID>
		<Name>Freescale Kinetis (256KB FLASH)</Name>
		<MatchRegex>^(M|P)KL?[0-9]+[A-Z]+256.*</MatchRegex>
		<BspID>com.sysprogs.arm.freescale.kinetis</BspID>
		<ScriptFile>target/kinetis_256k.cfg</ScriptFile>
	</TargetDeviceFamily>
	<TargetDeviceFamily>
		<ID>kinetis_512k</ID>
		<Name>Freescale Kinetis (512KB FLASH)</Name>
		<MatchRegex>^(M|P)KL?[0-9]+[A-Z]+512.*</MatchRegex>
		<BspID>com.sysprogs.arm.freescale.kinetis</BspID>
		<ScriptFile>target/kinetis_512k.cfg</ScriptFile>
	</TargetDeviceFamily>
	<TargetDeviceFamily>
		<ID>kinetis_1m</ID>
		<Name>Freescale Kinetis (1MB FLASH)</Name>
		<MatchRegex>^(M|P)KL?[0-9]+[A-Z]+1M.*</MatchRegex>
		<BspID>com.sysprogs.arm.freescale.kinetis</BspID>
		<ScriptFile>target/kinetis_1m.cfg</ScriptFile>
	</TargetDeviceFamily>
	<!-- ============================================ TI Stellaris ============================================ -->
	<TargetDeviceFamily>
		<ID>cc3200</ID>
		<Name>Texas Instruments CC3200</Name>
		<MatchRegex>^X*CC3200.*</MatchRegex>
		<BspID>com.sysprogs.arm.ti.cc3200</BspID>
		<ScriptFile>target/cc3200.cfg</ScriptFile>
	</TargetDeviceFamily>
	<TargetDeviceFamily>
		<ID>cc3200</ID>
		<Name>Texas Instruments Tiva</Name>
		<MatchRegex>^TM4C[0-9]+.*</MatchRegex>
		<BspID>com.sysprogs.arm.ti.tiva</BspID>
		<ScriptFile>target/stellaris.cfg</ScriptFile>
	</TargetDeviceFamily>
	<!-- ============================================ TI MSP432 ============================================ -->
	<TargetDeviceFamily>
		<ID>msp432</ID>
		<Name>Texas Instruments MSP432</Name>
		<MatchRegex>^MSP432.*</MatchRegex>
		<BspID>com.sysprogs.arm.ti.msp432</BspID>
		<ScriptFile>target/msp432p401r.cfg</ScriptFile>
		<AdditionalInitializationDelay>10000</AdditionalInitializationDelay>
	</TargetDeviceFamily>
</ArrayOfTargetDeviceFamily>