<?xml version="1.0"?>
<ArrayOfProgrammingInterface xmlns:xsi="http://www.w3.org/2001/XMLSchema-instance" xmlns:xsd="http://www.w3.org/2001/XMLSchema">
	<ProgrammingInterface>
		<ID>stlink-v1</ID>
		<Name>ST-Link v1</Name>
		<ScriptFile>interface/stlink-v1.cfg</ScriptFile>
		<UsbIdentities>
			<UsbIdentity>
				<VID>0483</VID>
				<PID>3744</PID>
			</UsbIdentity>
		</UsbIdentities>
		<IsHLA>true</IsHLA>
		<SpeedCapability>NotSupported</SpeedCapability>
		<UniversalDriverId>com.sysprogs.libusb.mini</UniversalDriverId>
	</ProgrammingInterface>
	<ProgrammingInterface>
		<ID>stlink-v2</ID>
		<Name>ST-Link v2</Name>
		<ScriptFile>interface/stlink-v2.cfg</ScriptFile>
		<UsbIdentities>
			<UsbIdentity>
				<VID>0483</VID>
				<PID>3748</PID>
			</UsbIdentity>
		</UsbIdentities>
		<IsHLA>true</IsHLA>
		<SpeedCapability>NotSupported</SpeedCapability>
		<UniversalDriverId>com.sysprogs.libusb.mini</UniversalDriverId>
	</ProgrammingInterface>
	<ProgrammingInterface>
		<ID>stlink-v2-1</ID>
		<Name>ST-Link v2.1</Name>
		<ScriptFile>interface/stlink-v2-1.cfg</ScriptFile>
		<UsbIdentities>
			<UsbIdentity>
				<VID>0483</VID>
				<PID>374B</PID>
				<Interface>00</Interface>
			</UsbIdentity>
		</UsbIdentities>
		<IsHLA>true</IsHLA>
		<SpeedCapability>NotSupported</SpeedCapability>
		<UniversalDriverId>com.sysprogs.libusb.mini</UniversalDriverId>
	</ProgrammingInterface>
	<ProgrammingInterface>
		<ID>jlink</ID>
		<Name>Segger J-Link</Name>
		<ScriptFile>interface/jlink.cfg</ScriptFile>
		<UsbIdentities>
			<UsbIdentity>
				<VID>1366</VID>
				<PID>0101</PID>
			</UsbIdentity>
			<UsbIdentity>
				<VID>1366</VID>
				<PID>0102</PID>
			</UsbIdentity>
			<UsbIdentity>
				<VID>1366</VID>
				<PID>0103</PID>
			</UsbIdentity>
			<UsbIdentity>
				<VID>1366</VID>
				<PID>0104</PID>
			</UsbIdentity>
		</UsbIdentities>
		<UniversalDriverId>com.sysprogs.libusb.mini</UniversalDriverId>
	</ProgrammingInterface>
	<ProgrammingInterface>
		<ID>olimex-arm-usb-ocd</ID>
		<Name>Olimex ARM-USB-OCD</Name>
		<ScriptFile>interface/ftdi/olimex-arm-usb-ocd.cfg</ScriptFile>
		<UsbIdentities>
			<UsbIdentity>
				<VID>15ba</VID>
				<PID>0003</PID>
				<Interface>00</Interface>
			</UsbIdentity>
		</UsbIdentities>
		<UniversalDriverId>com.sysprogs.libusb.mini</UniversalDriverId>
	</ProgrammingInterface>
	<ProgrammingInterface>
		<ID>olimex-arm-usb-ocd-h</ID>
		<Name>Olimex ARM-USB-OCD-H</Name>
		<ScriptFile>interface/ftdi/olimex-arm-usb-ocd-h.cfg</ScriptFile>
		<UsbIdentities>
			<UsbIdentity>
				<VID>15ba</VID>
				<PID>002b</PID>
				<Interface>00</Interface>
			</UsbIdentity>
		</UsbIdentities>
		<UniversalDriverId>com.sysprogs.libusb.mini</UniversalDriverId>
	</ProgrammingInterface>
	<ProgrammingInterface>
		<ID>olimex-arm-usb-tiny-h</ID>
		<Name>Olimex ARM-USB-OCD-Tiny</Name>
		<ScriptFile>interface/ftdi/olimex-arm-usb-tiny-h.cfg</ScriptFile>
		<UsbIdentities>
			<UsbIdentity>
				<VID>15ba</VID>
				<PID>002a</PID>
				<Interface>00</Interface>
			</UsbIdentity>
		</UsbIdentities>
		<UniversalDriverId>com.sysprogs.libusb.mini</UniversalDriverId>
	</ProgrammingInterface>
	<ProgrammingInterface>
		<ID>olimex-jtag-tiny</ID>
		<Name>Olimex JTAG-Tiny</Name>
		<ScriptFile>interface/ftdi/olimex-jtag-tiny.cfg</ScriptFile>
		<UsbIdentities>
			<UsbIdentity>
				<VID>15ba</VID>
				<PID>0004</PID>
				<Interface>00</Interface>
			</UsbIdentity>
		</UsbIdentities>
		<UniversalDriverId>com.sysprogs.libusb.mini</UniversalDriverId>
	</ProgrammingInterface>
	<ProgrammingInterface>
		<ID>osbdm</ID>
		<Name>OSBDM</Name>
		<ScriptFile>interface/osbdm.cfg</ScriptFile>
		<UsbIdentities>
			<UsbIdentity>
				<VID>15a2</VID>
				<PID>0058</PID>
				<Interface>00</Interface>
			</UsbIdentity>
		</UsbIdentities>
		<UniversalDriverId>com.sysprogs.libusb.mini</UniversalDriverId>
		<SpeedCapability>NotSupported</SpeedCapability>
	</ProgrammingInterface>
	<ProgrammingInterface>
		<ID>flyswatter</ID>
		<Name>TinCanTools Flyswatter</Name>
		<ScriptFile>interface/ftdi/flyswatter.cfg</ScriptFile>
		<UsbIdentities>
			<UsbIdentity>
				<VID>0403</VID>
				<PID>6010</PID>
				<Interface>00</Interface>
			</UsbIdentity>
		</UsbIdentities>
		<UniversalDriverId>com.sysprogs.libusb.mini</UniversalDriverId>
	</ProgrammingInterface>
	<ProgrammingInterface>
		<ID>cc3200lp</ID>
		<Name>TI CC3200 Launchpad</Name>
		<ScriptFile>interface/ftdi/cc3200lp.cfg</ScriptFile>
		<UsbIdentities>
			<UsbIdentity>
				<VID>0451</VID>
				<PID>c32a</PID>
				<Interface>00</Interface>
			</UsbIdentity>
		</UsbIdentities>
		<SpeedCapability>NotSupported</SpeedCapability>
		<RequiresCommandLineReset>false</RequiresCommandLineReset>
		<UniversalDriverId>com.sysprogs.libusb.mini</UniversalDriverId>
	</ProgrammingInterface>
	<ProgrammingInterface>
		<ID>cmsis-dap</ID>
		<Name>CMSIS-DAP (OpenSDA)</Name>
		<ScriptFile>interface/cmsis-dap.cfg</ScriptFile>
		<UsbIdentities>
			<UsbIdentity>
				<VID>C251</VID>
				<PID>F001</PID>
			</UsbIdentity>
			<UsbIdentity>
				<VID>C251</VID>
				<PID>F002</PID>
			</UsbIdentity>
			<UsbIdentity>
				<VID>C251</VID>
				<PID>2722</PID>
			</UsbIdentity>
			<UsbIdentity>
				<VID>0D28</VID>
				<PID>0204</PID>
			</UsbIdentity>
			<UsbIdentity>
				<VID>0451</VID>
				<PID>BEF3</PID>
				<Interface>06</Interface>
			</UsbIdentity>
		</UsbIdentities>
	</ProgrammingInterface>
	<ProgrammingInterface>
		<ID>ti-icdi</ID>
		<Name>TI ICDI</Name>
		<ScriptFile>interface/ti-icdi-auto.cfg</ScriptFile>
		<UsbIdentities>
			<UsbIdentity>
				<VID>1CBE</VID>
				<PID>00FD</PID>
				<Interface>02</Interface>
			</UsbIdentity>
		</UsbIdentities>
	</ProgrammingInterface>
</ArrayOfProgrammingInterface>